<?xml version="1.0" encoding="UTF-8"?>
<addon
  id="webinterface.kodi"
  version="1.0.0"
  name="Kodi Web Interface"
  provider-name="jez500">
  <requires>
    <import addon="xbmc.json" version="6.0.0" />
  </requires>
  <extension point="xbmc.gui.webinterface"/>
  <extension point="xbmc.webinterface"/>
  <extension point="xbmc.addon.metadata">
    <summary lang="en">Chorus2</summary>
    <description lang="en">Control Kodi using your web browser</description>
    <platform>all</platform>
    <language>en</language>
  </extension>
</addon>
